{"cameraMode":{"drawMode":0,"name":"Shaded","section":"Shading Mode"},"sceneLighting":true,"audioPlay":false,"sceneViewState":{"showFog":true,"showMaterialUpdate":false,"showSkybox":true,"showFlares":true,"showImageEffects":true,"showParticleSystems":true},"in2DMode":false,"pivot":{"x":-3.862044095993042,"y":-1.4942855834960938,"z":-2.856689453125},"rotation":{"x":-0.0018098215805366636,"y":0.0005971023929305375,"z":-0.000001360663532068429,"w":-0.999999463558197},"size":8.005492210388184,"orthographic":true}